version	epoch	train_loss	val_auroc	seconds
model_v1	1	0.7790272247265709	0.9625436738287161	
model_v1	2	0.34461795549419677	0.9716085724504113	
model_v1	3	0.1965536229047885	0.9761754106027676	
model_v1	4	0.1373879082714251	0.9717461278164461	
model_v1	5	0.11036076680133922	0.9765468100910616	
model_v1	6	0.1480487385940772	0.9751643786624116	
model_v1	7	0.10318732263983296	0.9772483424578392	
model_v1	8	0.06301030675999433	0.9756251891386283	
model_v1	9	0.05729109061052685	0.9785482406668684	
model_v1	10	0.0469976444839501	0.9782524966298936	
model_v1	11	0.047994395171330646	0.9778329527634873	
model_v1	12	0.04272450646512731	0.9782456188615918	
model_v2	1	0.5217	0.8904	375
model_v2	2	0.3011	0.9022	367
model_v2	3	0.2698	0.9165	356
model_v2	4	0.2524	0.9213	374
model_v2	5	0.2363	0.922	372
model_v2	6	0.22	0.9265	354
model_v2	7	0.2034	0.926	357
model_v2	8	0.1801	0.9234	362
model_v2	9	0.1591	0.9232	373
model_v2	10	0.1377	0.9258	367
model_v2	11	0.1227	0.9242	356
model_v2	12	0.1147	0.9249	363
model_v3	1	0.5217	0.8904	390
model_v3	2	0.3011	0.9022	377
model_v3	3	0.2698	0.9165	386
model_v3	4	0.2524	0.9213	377
model_v3	5	0.2363	0.922	383
model_v3	6	0.22	0.9265	379
model_v3	7	0.2034	0.926	374
model_v3	8	0.1801	0.9234	377
model_v3	9	0.1591	0.9232	374
model_v3	10	0.1377	0.9258	374
model_v3	11	0.1227	0.9242	377
model_v3	12	0.1147	0.9249	379
